Student ID,First Name,Last Name,06/01/2024,06/02/2024,06/03/2024,06/04/2024,06/05/2024,06/06/2024,06/07/2024,06/08/2024,06/09/2024,06/10/2024,06/11/2024,06/12/2024,06/13/2024,06/14/2024,06/15/2024,06/16/2024,06/17/2024,06/18/2024,06/19/2024,06/20/2024,06/21/2024,06/22/2024,06/23/2024,06/24/2024,06/25/2024,06/26/2024,06/27/2024,06/28/2024,06/29/2024,06/30/2024,Total
,Alex,Gruska,0,0,0,1,0,0,0,0,0,1,0,1,1,0,0,0,0,1,1,0,1,0,0,0,0,0,0,0,0,0,7
,Audriana,Bozzuto,0,0,0,1,1,1,0,0,0,1,0,1,1,0,0,0,0,1,0,1,0,0,0,1,1,1,1,0,0,0,12
,Elise,Sanon,0,0,1,1,1,1,1,0,0,1,1,1,1,1,0,0,1,1,1,1,1,0,0,1,0,1,1,1,0,0,19
,Gigi,Bazyluk,0,0,1,1,1,1,1,0,0,1,1,1,1,1,0,0,1,1,1,1,1,0,0,1,1,1,1,1,0,0,20
,Holly,Holmes,0,0,0,0,0,0,0,0,0,0,0,1,1,1,0,0,1,0,0,0,0,0,0,0,0,1,1,0,0,0,6
,Isabella,Servia,0,0,1,1,0,0,1,0,0,1,1,0,0,1,0,0,1,1,0,0,1,0,0,1,0,1,0,1,0,0,12
,Lila,Bazyluk,0,0,1,1,1,1,1,0,0,1,1,1,1,1,0,0,1,1,1,1,1,0,0,1,1,1,1,1,0,0,20
,Tilda,Fassbender,0,0,1,1,1,1,1,0,0,1,1,1,1,1,0,0,1,1,0,1,1,0,0,0,1,1,1,1,0,0,18
,Vince,Espinosa,0,0,1,0,1,1,0,0,0,1,0,1,1,0,0,0,1,0,0,0,0,0,0,1,1,0,0,1,0,0,10
,Vincent,Sacco,0,0,1,1,1,1,1,0,0,1,1,1,1,1,0,0,1,1,1,1,0,0,0,1,1,1,1,1,0,0,19
,Yuanze,Gao,0,0,0,0,0,0,0,0,0,0,0,0,0,0,0,0,0,0,0,0,0,0,0,0,0,0,1,1,0,0,2
,Zoe,Jacobs,0,0,1,1,1,1,1,0,0,1,1,1,1,1,0,0,1,1,1,1,1,0,0,1,1,1,1,1,0,0,20
,Zoe,Shah,0,0,0,0,0,0,0,0,0,0,0,0,0,0,0,0,0,0,0,0,0,0,0,0,1,1,1,1,0,0,4
