Vegetables,Fruits,Proteins,Grains
Carrot,Apple,Chicken,Rice
Broccoli,Banana,Beef,Wheat
Spinach,Orange,Pork,Oats
Kale,Strawberry,Turkey,Barley
Potato,Blueberry,Lamb,Quinoa
Lettuce,Grape,Fish,Millet
Cucumber,Pineapple,Tuna,Buckwheat
Tomato,Mango,Salmon,Rye
Onion,Watermelon,Shrimp,Corn
Garlic,Peach,Eggs,Spelt
Bell pepper,Plum,Tofu,Farro
Cauliflower,Pear,Tempeh,Amaranth
Zucchini,Papaya,Lentils,Teff
Squash,Lemon,Chickpeas,Couscous
Eggplant,Lime,Black beans,Bulgur
Mushroom,Cherry,Kidney beans,Brown rice
Cabbage,Raspberry,Peas,Wild rice
Asparagus,Blackberry,Quinoa,Freekeh
Beetroot,Kiwi,Hummus,Polenta
Radish,Cantaloupe,Seitan,Triticale
Peas,Grapefruit,Edamame,Sorghum
Green beans,Apricot,Cottage cheese,Emmer
Artichoke,Pomegranate,Greek yogurt,Kamut
Sweet corn,Fig,Cheese,Muesli
Brussels sprouts,Date,Peanut butter,Cracked wheat
