Child Care Council of Westchester,,Provider's Name:  ,Happy Caterpillars,,,,
,,Address:,26 Glen Park Rd,,,,
Feb-25,,     DAY CARE HOME MENU,,Week of ,Feb 24 Feb 28,,
,,,,,,,
,2/24/25,2/25/25,2/26/25,2/27/25,2/28/25,,
BREAKFAST,Monday,Tuesday,Wednesday,Thursday,Friday,,
Fluid Milk,1% MILK,1% MILK,1% MILK,1% MILK,1% MILK,,
Fruit or Vegetable,Cucumber,Apple,Banana,Cucumber,Apple,,
Bread or Alternate,Bagel,,Pancake,Bagel,Oatmeal ,,
Other,Cheese,Cottage cheese,,Cheese,,,
A. M SNACK (Choose 2),,,,,,,
Fluid Milk,,,,,,,
Fruit or Vegetable,,,,,,,
Bread or Alternate,,,,,,,
Meat or Alternate,,,,,,,
Water,,,,,,,
LUNCH,,,,,,,
Fluid Milk,1% MILK,1% MILK,1% MILK,1% MILK,1% MILK,,
Meat or Alternate,Flank Steak,Chicken Brea,Meatballs,Beans,Cheese,,
Fruit or Vegetable ,GREEN BEANS,BROCCOLI,AVOCADO,ASPARAGUS,Banana,,
Fruit or Vegetable ,BANANAS,BLUEBERRIES ,CRANBERRIES ,BANANAS,Tomato Sauce,,
Bread or Alternate,White Rice,WW. PASTA,White Rice,Pasta,Pizza Crust,,
Other,,,,,,,
P.M. SNACK (Choose 2),,,,,,,
Fluid Milk,,,,,,,
Fruit or Vegetable,,,,Cantaloupe,Fruit Cup,,
Bread or Alternate,Toast,Goldfish,Granola,,,,
Meat or Alternate,Cheese stick,Yogurt,Beans,Falafel,Yogurt,,
Water,Water,Water,Water,Water,Water,,
SUPPER,,,,,,,
Fluid Milk,,,,,,,
Meat or Alternate,,,,,,,
Fruit or Vegetable,,,,,,,
Fruit or Vegetable,,,,,,,
Bread or Alternate,,,,,,,
Milk,,,,,,,
EVENING SNACK,,,,,,,
"Note:  All milk is 1%, All bread is Whole Wheat, All Yogurt and Cheese is Low fat",,,,,,,