Child Care Council of Westchester,,Provider's Name:  CHARLES PLAISIMOND,,,
,,Address: 26 GLEN PARK ROAD PURCHASE NY 10577,,,
Month( OCT ) Year(2023),,     DAY CARE HOME MENU,,Week of ,10/30/2023-11/3/2023
,,,,,
BREAKFAST,MON. 10/30,TUES. 10/31,WED. 11/1,THURS. 11/2,FRI. 11/3
Fluid Milk,1% MILK,1% MILK,1% MILK,1% MILK,1% MILK
Fruit or Vegetable,Banana,Orange,Strawberry,Raisins,Apples
Bread or Alternate,LF Yogurt ,Eggs,Waffles,LF Yogurt,Cottage Cheese
Other,Water ,Water ,Water ,Water ,Water 
A. M SNACK (Choose 2),,,,,
Fluid Milk,,,,,
Fruit or Vegetable,,,,,
Bread or Alternate,,,,,
Meat or Alternate,,,,,
Water,,,,,
LUNCH,,,,,
Fluid Milk,1% MILK,1% MILK,1% MILK,1% MILK,1% MILK
Meat or Alternate,Chicken,Meatballs,Chicken,Ground Beef,Cheese
Fruit or Vegetable ,Bell Pepper,Peas,Carrots,Pepper Onion,Tomato Sauce
Fruit or Vegetable ,Cucumber,Mushroom,Corn,Asparagus,oranges
Bread or Alternate,WW. Rice,WW. Pasta,WW. Rice,WW. Pasta,Pizza Crust
Other,,,,,
P.M. SNACK (Choose 2),,,,,
Fluid Milk,,,,,
Fruit or Vegetable,Watermelon,Orange,Apple,Banana,Pineapple
Bread or Alternate,Granola,Goldfish,Cheerios,Go-Gurt,Animal Crackers
Meat or Alternate,,,,,
Water,Water ,Water ,Water ,Water ,Water 
SUPPER,,,,,
Fluid Milk,,,,,
Meat or Alternate,,,,,
Fruit or Vegetable,,,,,
Fruit or Vegetable,,,,,
Bread or Alternate,,,,,
Milk,,,,,
EVENING SNACK,,,,,
"Note:  All milk is 1%, All bread is Whole Wheat, All Yogurt and Cheese is Low fat",,,,,